﻿<parameters>
  <parameter name="IIS Web Application Name" defaultValue="goodlife" tags="IisApp">
    <parameterEntry kind="ProviderPath" scope="IisApp" match="^C:\\Users\\kaido\\Documents\\GitHub\\ControleGerencial\\ProjetoFlavio\\ProjetoFlavio\\obj\\Release\\Package\\PackageTmp$" />
    <parameterEntry kind="ProviderPath" scope="setAcl" match="^C:\\Users\\kaido\\Documents\\GitHub\\ControleGerencial\\ProjetoFlavio\\ProjetoFlavio\\obj\\Release\\Package\\PackageTmp$" />
  </parameter>
  <parameter name="Add write permission to App_Data Folder" description="Add write permission to App_Data folder" defaultValue="{IIS Web Application Name}/App_Data" tags="Hidden">
    <parameterEntry kind="ProviderPath" scope="setAcl" match="^C:\\Users\\kaido\\Documents\\GitHub\\ControleGerencial\\ProjetoFlavio\\ProjetoFlavio\\obj\\Release\\Package\\PackageTmp\\App_Data$" />
  </parameter>
  <parameter name="projetoConnectionString-Web.config Connection String" defaultValue="Data Source=DRAGON\Sqlexpress;Initial Catalog=goodlife;Integrated Security=True">
    <parameterEntry kind="XmlFile" scope="C:\\Users\\kaido\\Documents\\GitHub\\ControleGerencial\\ProjetoFlavio\\ProjetoFlavio\\obj\\Release\\Package\\PackageTmp\\Web\.config$" match="/configuration/connectionStrings/add[@name='projetoConnectionString']/@connectionString" />
  </parameter>
  <parameter name="projetoConnectionString-Deployment Connection String" defaultValue="Data Source=DRAGON\Sqlexpress;Initial Catalog=goodlife;Integrated Security=True" tags="SqlConnectionString">
    <parameterEntry kind="ProviderPath" scope="DbDacFx" match="^C:\\Users\\kaido\\Documents\\GitHub\\ControleGerencial\\ProjetoFlavio\\ProjetoFlavio\\obj\\Release\\AutoScripts\\projetoConnectionString_IncrementalSchemaOnly\.dacpac$" />
  </parameter>
</parameters>